"cbsa_code","cbsa_title","state_fips_list","n_states","multi_state_metro"
"10100","Aberdeen, SD","46",1,FALSE
"10140","Aberdeen, WA","53",1,FALSE
"10180","Abilene, TX","48",1,FALSE
"10220","Ada, OK","40",1,FALSE
"10300","Adrian, MI","26",1,FALSE
"10380","Aguadilla, PR","72",1,FALSE
"10420","Akron, OH","39",1,FALSE
"10460","Alamogordo, NM","35",1,FALSE
"10480","Alamosa, CO","08",1,FALSE
"10500","Albany, GA","13",1,FALSE
"10540","Albany, OR","41",1,FALSE
"10580","Albany-Schenectady-Troy, NY","36",1,FALSE
"10620","Albemarle, NC","37",1,FALSE
"10660","Albert Lea, MN","27",1,FALSE
"10700","Albertville, AL","01",1,FALSE
"10740","Albuquerque, NM","35",1,FALSE
"10760","Alexander City, AL","01",1,FALSE
"10780","Alexandria, LA","22",1,FALSE
"10820","Alexandria, MN","27",1,FALSE
"10860","Alice, TX","48",1,FALSE
"10900","Allentown-Bethlehem-Easton, PA-NJ","34;42",2,TRUE
"10940","Alma, MI","26",1,FALSE
"10980","Alpena, MI","26",1,FALSE
"11020","Altoona, PA","42",1,FALSE
"11060","Altus, OK","40",1,FALSE
"11100","Amarillo, TX","48",1,FALSE
"11140","Americus, GA","13",1,FALSE
"11180","Ames, IA","19",1,FALSE
"11200","Amherst Town-Northampton, MA","25",1,FALSE
"11220","Amsterdam, NY","36",1,FALSE
"11260","Anchorage, AK","02",1,FALSE
"11360","Anderson Creek, NC","37",1,FALSE
"11380","Andrews, TX","48",1,FALSE
"11420","Angola, IN","18",1,FALSE
"11460","Ann Arbor, MI","26",1,FALSE
"11500","Anniston-Oxford, AL","01",1,FALSE
"11540","Appleton, WI","55",1,FALSE
"11580","Arcadia, FL","12",1,FALSE
"11620","Ardmore, OK","40",1,FALSE
"11640","Arecibo, PR","72",1,FALSE
"11660","Arkadelphia, AR","05",1,FALSE
"11680","Arkansas City-Winfield, KS","20",1,FALSE
"11700","Asheville, NC","37",1,FALSE
"11740","Ashland, OH","39",1,FALSE
"11820","Astoria, OR","41",1,FALSE
"11860","Atchison, KS","20",1,FALSE
"11900","Athens, OH","39",1,FALSE
"11940","Athens, TN","47",1,FALSE
"11980","Athens, TX","48",1,FALSE
"12020","Athens-Clarke County, GA","13",1,FALSE
"12060","Atlanta-Sandy Springs-Roswell, GA","13",1,FALSE
"12100","Atlantic City-Hammonton, NJ","34",1,FALSE
"12140","Auburn, IN","18",1,FALSE
"12180","Auburn, NY","36",1,FALSE
"12220","Auburn-Opelika, AL","01",1,FALSE
"12260","Augusta-Richmond County, GA-SC","13;45",2,TRUE
"12300","Augusta-Waterville, ME","23",1,FALSE
"12380","Austin, MN","27",1,FALSE
"12420","Austin-Round Rock-San Marcos, TX","48",1,FALSE
"12460","Bainbridge, GA","13",1,FALSE
"12520","Baker City, OR","41",1,FALSE
"12540","Bakersfield-Delano, CA","06",1,FALSE
"12580","Baltimore-Columbia-Towson, MD","24",1,FALSE
"12620","Bangor, ME","23",1,FALSE
"12660","Baraboo, WI","55",1,FALSE
"12700","Barnstable Town, MA","25",1,FALSE
"12740","Barre, VT","50",1,FALSE
"12780","Bartlesville, OK","40",1,FALSE
"12860","Batavia, NY","36",1,FALSE
"12900","Batesville, AR","05",1,FALSE
"12940","Baton Rouge, LA","22",1,FALSE
"12980","Battle Creek, MI","26",1,FALSE
"13020","Bay City, MI","26",1,FALSE
"13060","Bay City, TX","48",1,FALSE
"13100","Beatrice, NE","31",1,FALSE
"13140","Beaumont-Port Arthur, TX","48",1,FALSE
"13180","Beaver Dam, WI","55",1,FALSE
"13220","Beckley, WV","54",1,FALSE
"13260","Bedford, IN","18",1,FALSE
"13300","Beeville, TX","48",1,FALSE
"13340","Bellefontaine, OH","39",1,FALSE
"13380","Bellingham, WA","53",1,FALSE
"13420","Bemidji, MN","27",1,FALSE
"13460","Bend, OR","41",1,FALSE
"13540","Bennington, VT","50",1,FALSE
"13660","Big Rapids, MI","26",1,FALSE
"13700","Big Spring, TX","48",1,FALSE
"13740","Billings, MT","30",1,FALSE
"13780","Binghamton, NY","36",1,FALSE
"13820","Birmingham, AL","01",1,FALSE
"13860","Bishop, CA","06",1,FALSE
"13900","Bismarck, ND","38",1,FALSE
"13940","Blackfoot, ID","16",1,FALSE
"13980","Blacksburg-Christiansburg-Radford, VA","51",1,FALSE
"14010","Bloomington, IL","17",1,FALSE
"14020","Bloomington, IN","18",1,FALSE
"14100","Bloomsburg-Berwick, PA","42",1,FALSE
"14140","Bluefield, WV-VA","51;54",2,TRUE
"14180","Blytheville, AR","05",1,FALSE
"14220","Bogalusa, LA","22",1,FALSE
"14260","Boise City, ID","16",1,FALSE
"14300","Bonham, TX","48",1,FALSE
"14380","Boone, NC","37",1,FALSE
"14420","Borger, TX","48",1,FALSE
"14460","Boston-Cambridge-Newton, MA-NH","25;33",2,TRUE
"14500","Boulder, CO","08",1,FALSE
"14540","Bowling Green, KY","21",1,FALSE
"14580","Bozeman, MT","30",1,FALSE
"14620","Bradford, PA","42",1,FALSE
"14660","Brainerd, MN","27",1,FALSE
"14700","Branson, MO","29",1,FALSE
"14710","Brattleboro, VT","50",1,FALSE
"14720","Breckenridge, CO","08",1,FALSE
"14740","Bremerton-Silverdale-Port Orchard, WA","53",1,FALSE
"14780","Brenham, TX","48",1,FALSE
"14820","Brevard, NC","37",1,FALSE
"14860","Bridgeport-Stamford-Danbury, CT","09",1,FALSE
"14940","Brigham City, UT-ID","16;49",2,TRUE
"15020","Brookhaven, MS","28",1,FALSE
"15060","Brookings, OR","41",1,FALSE
"15100","Brookings, SD","46",1,FALSE
"15180","Brownsville-Harlingen, TX","48",1,FALSE
"15220","Brownwood, TX","48",1,FALSE
"15260","Brunswick-St. Simons, GA","13",1,FALSE
"15340","Bucyrus, OH","39",1,FALSE
"15380","Buffalo-Cheektowaga, NY","36",1,FALSE
"15420","Burley, ID","16",1,FALSE
"15460","Burlington, IA-IL","17;19",2,TRUE
"15500","Burlington, NC","37",1,FALSE
"15540","Burlington-South Burlington, VT","50",1,FALSE
"15580","Butte-Silver Bow, MT","30",1,FALSE
"15620","Cadillac, MI","26",1,FALSE
"15660","Calhoun, GA","13",1,FALSE
"15700","Cambridge, MD","24",1,FALSE
"15740","Cambridge, OH","39",1,FALSE
"15780","Camden, AR","05",1,FALSE
"15820","Campbellsville, KY","21",1,FALSE
"15860","Ca<U+00F1>on City, CO","08",1,FALSE
"15900","Canton, IL","17",1,FALSE
"15940","Canton-Massillon, OH","39",1,FALSE
"15980","Cape Coral-Fort Myers, FL","12",1,FALSE
"16020","Cape Girardeau, MO-IL","17;29",2,TRUE
"16060","Carbondale, IL","17",1,FALSE
"16100","Carlsbad-Artesia, NM","35",1,FALSE
"16140","Carroll, IA","19",1,FALSE
"16180","Carson City, NV","32",1,FALSE
"16220","Casper, WY","56",1,FALSE
"16260","Cedar City, UT","49",1,FALSE
"16300","Cedar Rapids, IA","19",1,FALSE
"16340","Cedartown, GA","13",1,FALSE
"16380","Celina, OH","39",1,FALSE
"16460","Centralia, IL","17",1,FALSE
"16500","Centralia, WA","53",1,FALSE
"16540","Chambersburg, PA","42",1,FALSE
"16580","Champaign-Urbana, IL","17",1,FALSE
"16620","Charleston, WV","54",1,FALSE
"16660","Charleston-Mattoon, IL","17",1,FALSE
"16700","Charleston-North Charleston, SC","45",1,FALSE
"16740","Charlotte-Concord-Gastonia, NC-SC","37;45",2,TRUE
"16820","Charlottesville, VA","51",1,FALSE
"16860","Chattanooga, TN-GA","13;47",2,TRUE
"16940","Cheyenne, WY","56",1,FALSE
"16980","Chicago-Naperville-Elgin, IL-IN","17;18",2,TRUE
"17020","Chico, CA","06",1,FALSE
"17060","Chillicothe, OH","39",1,FALSE
"17140","Cincinnati, OH-KY-IN","18;21;39",3,TRUE
"17220","Clarksburg, WV","54",1,FALSE
"17260","Clarksdale, MS","28",1,FALSE
"17300","Clarksville, TN-KY","21;47",2,TRUE
"17340","Clearlake, CA","06",1,FALSE
"17380","Cleveland, MS","28",1,FALSE
"17410","Cleveland, OH","39",1,FALSE
"17420","Cleveland, TN","47",1,FALSE
"17500","Clewiston, FL","12",1,FALSE
"17540","Clinton, IA","19",1,FALSE
"17580","Clovis, NM","35",1,FALSE
"17620","Coamo, PR","72",1,FALSE
"17640","Coco, PR","72",1,FALSE
"17650","Cody, WY","56",1,FALSE
"17660","Coeur d'Alene, ID","16",1,FALSE
"17740","Coldwater, MI","26",1,FALSE
"17780","College Station-Bryan, TX","48",1,FALSE
"17820","Colorado Springs, CO","08",1,FALSE
"17860","Columbia, MO","29",1,FALSE
"17900","Columbia, SC","45",1,FALSE
"17980","Columbus, GA-AL","01;13",2,TRUE
"18020","Columbus, IN","18",1,FALSE
"18060","Columbus, MS","28",1,FALSE
"18100","Columbus, NE","31",1,FALSE
"18140","Columbus, OH","39",1,FALSE
"18180","Concord, NH","33",1,FALSE
"18220","Connersville, IN","18",1,FALSE
"18260","Cookeville, TN","47",1,FALSE
"18300","Coos Bay-North Bend, OR","41",1,FALSE
"18340","Corbin, KY","21",1,FALSE
"18380","Cordele, GA","13",1,FALSE
"18420","Corinth, MS","28",1,FALSE
"18460","Cornelia, GA","13",1,FALSE
"18500","Corning, NY","36",1,FALSE
"18580","Corpus Christi, TX","48",1,FALSE
"18620","Corsicana, TX","48",1,FALSE
"18660","Cortland, NY","36",1,FALSE
"18700","Corvallis, OR","41",1,FALSE
"18740","Coshocton, OH","39",1,FALSE
"18820","Crawfordsville, IN","18",1,FALSE
"18860","Crescent City, CA","06",1,FALSE
"18880","Crestview-Fort Walton Beach-Destin, FL","12",1,FALSE
"18900","Crossville, TN","47",1,FALSE
"18980","Cullman, AL","01",1,FALSE
"19060","Cumberland, MD-WV","24;54",2,TRUE
"19100","Dallas-Fort Worth-Arlington, TX","48",1,FALSE
"19140","Dalton, GA","13",1,FALSE
"19180","Danville, IL","17",1,FALSE
"19220","Danville, KY","21",1,FALSE
"19260","Danville, VA","51",1,FALSE
"19300","Daphne-Fairhope-Foley, AL","01",1,FALSE
"19340","Davenport-Moline-Rock Island, IA-IL","17;19",2,TRUE
"19430","Dayton-Kettering-Beavercreek, OH","39",1,FALSE
"19460","Decatur, AL","01",1,FALSE
"19500","Decatur, IL","17",1,FALSE
"19540","Decatur, IN","18",1,FALSE
"19580","Defiance, OH","39",1,FALSE
"19620","Del Rio, TX","48",1,FALSE
"19660","Deltona-Daytona Beach-Ormond Beach, FL","12",1,FALSE
"19700","Deming, NM","35",1,FALSE
"19740","Denver-Aurora-Centennial, CO","08",1,FALSE
"19760","DeRidder, LA","22",1,FALSE
"19780","Des Moines-West Des Moines, IA","19",1,FALSE
"19810","Detroit Lakes, MN","27",1,FALSE
"19820","Detroit-Warren-Dearborn, MI","26",1,FALSE
"19860","Dickinson, ND","38",1,FALSE
"19940","Dixon, IL","17",1,FALSE
"19980","Dodge City, KS","20",1,FALSE
"20020","Dothan, AL","01",1,FALSE
"20060","Douglas, GA","13",1,FALSE
"20100","Dover, DE","10",1,FALSE
"20140","Dublin, GA","13",1,FALSE
"20180","DuBois, PA","42",1,FALSE
"20220","Dubuque, IA","19",1,FALSE
"20260","Duluth, MN-WI","27;55",2,TRUE
"20300","Dumas, TX","48",1,FALSE
"20340","Duncan, OK","40",1,FALSE
"20420","Durango, CO","08",1,FALSE
"20460","Durant, OK","40",1,FALSE
"20500","Durham-Chapel Hill, NC","37",1,FALSE
"20540","Dyersburg, TN","47",1,FALSE
"20580","Eagle Pass, TX","48",1,FALSE
"20660","Easton, MD","24",1,FALSE
"20700","East Stroudsburg, PA","42",1,FALSE
"20740","Eau Claire, WI","55",1,FALSE
"20780","Edwards, CO","08",1,FALSE
"20820","Effingham, IL","17",1,FALSE
"20900","El Campo, TX","48",1,FALSE
"20940","El Centro, CA","06",1,FALSE
"20980","El Dorado, AR","05",1,FALSE
"21020","Elizabeth City, NC","37",1,FALSE
"21060","Elizabethtown, KY","21",1,FALSE
"21120","Elk City, OK","40",1,FALSE
"21140","Elkhart-Goshen, IN","18",1,FALSE
"21180","Elkins, WV","54",1,FALSE
"21220","Elko, NV","32",1,FALSE
"21260","Ellensburg, WA","53",1,FALSE
"21300","Elmira, NY","36",1,FALSE
"21340","El Paso, TX","48",1,FALSE
"21380","Emporia, KS","20",1,FALSE
"21420","Enid, OK","40",1,FALSE
"21460","Enterprise, AL","01",1,FALSE
"21500","Erie, PA","42",1,FALSE
"21540","Escanaba, MI","26",1,FALSE
"21580","Espa<U+00F1>ola, NM","35",1,FALSE
"21640","Eufaula, AL-GA","01;13",2,TRUE
"21660","Eugene-Springfield, OR","41",1,FALSE
"21700","Eureka-Arcata, CA","06",1,FALSE
"21740","Evanston, WY-UT","49;56",2,TRUE
"21780","Evansville, IN","18",1,FALSE
"21820","Fairbanks-College, AK","02",1,FALSE
"21860","Fairmont, MN","27",1,FALSE
"21900","Fairmont, WV","54",1,FALSE
"21980","Fallon, NV","32",1,FALSE
"22020","Fargo, ND-MN","27;38",2,TRUE
"22060","Faribault-Northfield, MN","27",1,FALSE
"22100","Farmington, MO","29",1,FALSE
"22140","Farmington, NM","35",1,FALSE
"22180","Fayetteville, NC","37",1,FALSE
"22190","Fayetteville, TN","47",1,FALSE
"22220","Fayetteville-Springdale-Rogers, AR","05",1,FALSE
"22260","Fergus Falls, MN","27",1,FALSE
"22300","Findlay, OH","39",1,FALSE
"22340","Fitzgerald, GA","13",1,FALSE
"22380","Flagstaff, AZ","04",1,FALSE
"22420","Flint, MI","26",1,FALSE
"22500","Florence, SC","45",1,FALSE
"22520","Florence-Muscle Shoals, AL","01",1,FALSE
"22540","Fond du Lac, WI","55",1,FALSE
"22580","Forest City, NC","37",1,FALSE
"22620","Forrest City, AR","05",1,FALSE
"22660","Fort Collins-Loveland, CO","08",1,FALSE
"22700","Fort Dodge, IA","19",1,FALSE
"22780","Fort Leonard Wood, MO","29",1,FALSE
"22800","Fort Madison, IA","19",1,FALSE
"22820","Fort Morgan, CO","08",1,FALSE
"22840","Fort Payne, AL","01",1,FALSE
"22900","Fort Smith, AR-OK","05;40",2,TRUE
"23060","Fort Wayne, IN","18",1,FALSE
"23140","Frankfort, IN","18",1,FALSE
"23180","Frankfort, KY","21",1,FALSE
"23190","Franklin, KY","21",1,FALSE
"23240","Fredericksburg, TX","48",1,FALSE
"23300","Freeport, IL","17",1,FALSE
"23340","Fremont, NE","31",1,FALSE
"23380","Fremont, OH","39",1,FALSE
"23420","Fresno, CA","06",1,FALSE
"23460","Gadsden, AL","01",1,FALSE
"23500","Gaffney, SC","45",1,FALSE
"23540","Gainesville, FL","12",1,FALSE
"23580","Gainesville, GA","13",1,FALSE
"23620","Gainesville, TX","48",1,FALSE
"23660","Galesburg, IL","17",1,FALSE
"23680","Gallipolis, OH","39",1,FALSE
"23700","Gallup, NM","35",1,FALSE
"23780","Garden City, KS","20",1,FALSE
"23820","Gardnerville Ranchos, NV-CA","06;32",2,TRUE
"23900","Gettysburg, PA","42",1,FALSE
"23940","Gillette, WY","56",1,FALSE
"23980","Glasgow, KY","21",1,FALSE
"24020","Glens Falls, NY","36",1,FALSE
"24100","Gloversville, NY","36",1,FALSE
"24140","Goldsboro, NC","37",1,FALSE
"24180","Granbury, TX","48",1,FALSE
"24220","Grand Forks, ND-MN","27;38",2,TRUE
"24260","Grand Island, NE","31",1,FALSE
"24300","Grand Junction, CO","08",1,FALSE
"24330","Grand Rapids, MN","27",1,FALSE
"24340","Grand Rapids-Wyoming-Kentwood, MI","26",1,FALSE
"24420","Grants Pass, OR","41",1,FALSE
"24460","Great Bend, KS","20",1,FALSE
"24500","Great Falls, MT","30",1,FALSE
"24540","Greeley, CO","08",1,FALSE
"24580","Green Bay, WI","55",1,FALSE
"24600","Greencastle, IN","18",1,FALSE
"24620","Greeneville, TN","47",1,FALSE
"24640","Greenfield, MA","25",1,FALSE
"24660","Greensboro-High Point, NC","37",1,FALSE
"24700","Greensburg, IN","18",1,FALSE
"24740","Greenville, MS","28",1,FALSE
"24780","Greenville, NC","37",1,FALSE
"24820","Greenville, OH","39",1,FALSE
"24860","Greenville-Anderson-Greer, SC","45",1,FALSE
"24900","Greenwood, MS","28",1,FALSE
"24940","Greenwood, SC","45",1,FALSE
"24980","Grenada, MS","28",1,FALSE
"25020","Guayama, PR","72",1,FALSE
"25060","Gulfport-Biloxi, MS","28",1,FALSE
"25100","Guymon, OK","40",1,FALSE
"25180","Hagerstown-Martinsburg, MD-WV","24;54",2,TRUE
"25200","Hailey, ID","16",1,FALSE
"25220","Hammond, LA","22",1,FALSE
"25260","Hanford-Corcoran, CA","06",1,FALSE
"25300","Hannibal, MO","29",1,FALSE
"25420","Harrisburg-Carlisle, PA","42",1,FALSE
"25460","Harrison, AR","05",1,FALSE
"25500","Harrisonburg, VA","51",1,FALSE
"25540","Hartford-West Hartford-East Hartford, CT","09",1,FALSE
"25580","Hastings, NE","31",1,FALSE
"25620","Hattiesburg, MS","28",1,FALSE
"25700","Hays, KS","20",1,FALSE
"25720","Heber, UT","49",1,FALSE
"25740","Helena, MT","30",1,FALSE
"25770","Hemlock Farms, PA","42",1,FALSE
"25775","Henderson, KY","21",1,FALSE
"25780","Henderson, NC","37",1,FALSE
"25820","Hereford, TX","48",1,FALSE
"25840","Hermiston-Pendleton, OR","41",1,FALSE
"25850","Hermitage, PA","42",1,FALSE
"25860","Hickory-Lenoir-Morganton, NC","37",1,FALSE
"25880","Hillsdale, MI","26",1,FALSE
"25900","Hilo-Kailua, HI","15",1,FALSE
"25940","Hilton Head Island-Bluffton-Port Royal, SC","45",1,FALSE
"25980","Hinesville, GA","13",1,FALSE
"26020","Hobbs, NM","35",1,FALSE
"26090","Holland, MI","26",1,FALSE
"26140","Homosassa Springs, FL","12",1,FALSE
"26220","Hood River, OR","41",1,FALSE
"26300","Hot Springs, AR","05",1,FALSE
"26340","Houghton, MI","26",1,FALSE
"26380","Houma-Bayou Cane-Thibodaux, LA","22",1,FALSE
"26420","Houston-Pasadena-The Woodlands, TX","48",1,FALSE
"26460","Hudson, NY","36",1,FALSE
"26500","Huntingdon, PA","42",1,FALSE
"26540","Huntington, IN","18",1,FALSE
"26580","Huntington-Ashland, WV-KY-OH","21;39;54",3,TRUE
"26620","Huntsville, AL","01",1,FALSE
"26660","Huntsville, TX","48",1,FALSE
"26700","Huron, SD","46",1,FALSE
"26740","Hutchinson, KS","20",1,FALSE
"26780","Hutchinson, MN","27",1,FALSE
"26820","Idaho Falls, ID","16",1,FALSE
"26860","Indiana, PA","42",1,FALSE
"26900","Indianapolis-Carmel-Greenwood, IN","18",1,FALSE
"26980","Iowa City, IA","19",1,FALSE
"27020","Iron Mountain, MI-WI","26;55",2,TRUE
"27060","Ithaca, NY","36",1,FALSE
"27100","Jackson, MI","26",1,FALSE
"27140","Jackson, MS","28",1,FALSE
"27180","Jackson, TN","47",1,FALSE
"27220","Jackson, WY-ID","16;56",2,TRUE
"27260","Jacksonville, FL","12",1,FALSE
"27300","Jacksonville, IL","17",1,FALSE
"27340","Jacksonville, NC","37",1,FALSE
"27380","Jacksonville, TX","48",1,FALSE
"27420","Jamestown, ND","38",1,FALSE
"27460","Jamestown-Dunkirk, NY","36",1,FALSE
"27500","Janesville-Beloit, WI","55",1,FALSE
"27540","Jasper, IN","18",1,FALSE
"27600","Jefferson, GA","13",1,FALSE
"27620","Jefferson City, MO","29",1,FALSE
"27700","Jesup, GA","13",1,FALSE
"27740","Johnson City, TN","47",1,FALSE
"27780","Johnstown, PA","42",1,FALSE
"27860","Jonesboro, AR","05",1,FALSE
"27900","Joplin, MO-KS","20;29",2,TRUE
"27940","Juneau, AK","02",1,FALSE
"27980","Kahului-Wailuku, HI","15",1,FALSE
"28020","Kalamazoo-Portage, MI","26",1,FALSE
"28060","Kalispell, MT","30",1,FALSE
"28100","Kankakee, IL","17",1,FALSE
"28140","Kansas City, MO-KS","20;29",2,TRUE
"28180","Kapaa, HI","15",1,FALSE
"28260","Kearney, NE","31",1,FALSE
"28300","Keene, NH","33",1,FALSE
"28340","Kendallville, IN","18",1,FALSE
"28380","Kennett, MO","29",1,FALSE
"28420","Kennewick-Richland, WA","53",1,FALSE
"28450","Kenosha, WI","55",1,FALSE
"28500","Kerrville, TX","48",1,FALSE
"28540","Ketchikan, AK","02",1,FALSE
"28580","Key West-Key Largo, FL","12",1,FALSE
"28620","Kill Devil Hills, NC","37",1,FALSE
"28660","Killeen-Temple, TX","48",1,FALSE
"28680","Kingsland, GA","13",1,FALSE
"28700","Kingsport-Bristol, TN-VA","47;51",2,TRUE
"28740","Kingston, NY","36",1,FALSE
"28780","Kingsville, TX","48",1,FALSE
"28820","Kinston, NC","37",1,FALSE
"28860","Kirksville, MO","29",1,FALSE
"28880","Kiryas Joel-Poughkeepsie-Newburgh, NY","36",1,FALSE
"28900","Klamath Falls, OR","41",1,FALSE
"28940","Knoxville, TN","47",1,FALSE
"29020","Kokomo, IN","18",1,FALSE
"29060","Laconia, NH","33",1,FALSE
"29100","La Crosse-Onalaska, WI-MN","27;55",2,TRUE
"29180","Lafayette, LA","22",1,FALSE
"29200","Lafayette-West Lafayette, IN","18",1,FALSE
"29260","La Grande, OR","41",1,FALSE
"29300","LaGrange, GA-AL","01;13",2,TRUE
"29340","Lake Charles, LA","22",1,FALSE
"29380","Lake City, FL","12",1,FALSE
"29420","Lake Havasu City-Kingman, AZ","04",1,FALSE
"29460","Lakeland-Winter Haven, FL","12",1,FALSE
"29470","Lake of the Woods, VA","51",1,FALSE
"29540","Lancaster, PA","42",1,FALSE
"29620","Lansing-East Lansing, MI","26",1,FALSE
"29660","Laramie, WY","56",1,FALSE
"29700","Laredo, TX","48",1,FALSE
"29720","Lares, PR","72",1,FALSE
"29740","Las Cruces, NM","35",1,FALSE
"29780","Las Vegas, NM","35",1,FALSE
"29820","Las Vegas-Henderson-North Las Vegas, NV","32",1,FALSE
"29860","Laurel, MS","28",1,FALSE
"29900","Laurinburg, NC","37",1,FALSE
"29940","Lawrence, KS","20",1,FALSE
"29980","Lawrenceburg, TN","47",1,FALSE
"30020","Lawton, OK","40",1,FALSE
"30060","Lebanon, MO","29",1,FALSE
"30140","Lebanon, PA","42",1,FALSE
"30150","Lebanon-Claremont, NH-VT","33;50",2,TRUE
"30180","Le Mars, IA","19",1,FALSE
"30260","Lewisburg, PA","42",1,FALSE
"30280","Lewisburg, TN","47",1,FALSE
"30300","Lewiston, ID-WA","16;53",2,TRUE
"30340","Lewiston-Auburn, ME","23",1,FALSE
"30380","Lewistown, PA","42",1,FALSE
"30420","Lexington, NE","31",1,FALSE
"30460","Lexington-Fayette, KY","21",1,FALSE
"30500","Lexington Park, MD","24",1,FALSE
"30580","Liberal, KS","20",1,FALSE
"30620","Lima, OH","39",1,FALSE
"30660","Lincoln, IL","17",1,FALSE
"30700","Lincoln, NE","31",1,FALSE
"30780","Little Rock-North Little Rock-Conway, AR","05",1,FALSE
"30820","Lock Haven, PA","42",1,FALSE
"30860","Logan, UT-ID","16;49",2,TRUE
"30900","Logansport, IN","18",1,FALSE
"30980","Longview, TX","48",1,FALSE
"31020","Longview-Kelso, WA","53",1,FALSE
"31060","Los Alamos, NM","35",1,FALSE
"31080","Los Angeles-Long Beach-Anaheim, CA","06",1,FALSE
"31140","Louisville/Jefferson County, KY-IN","18;21",2,TRUE
"31180","Lubbock, TX","48",1,FALSE
"31220","Ludington, MI","26",1,FALSE
"31260","Lufkin, TX","48",1,FALSE
"31300","Lumberton, NC","37",1,FALSE
"31340","Lynchburg, VA","51",1,FALSE
"31380","Macomb, IL","17",1,FALSE
"31420","Macon-Bibb County, GA","13",1,FALSE
"31500","Madison, IN","18",1,FALSE
"31540","Madison, WI","55",1,FALSE
"31580","Madisonville, KY","21",1,FALSE
"31620","Magnolia, AR","05",1,FALSE
"31680","Malvern, AR","05",1,FALSE
"31700","Manchester-Nashua, NH","33",1,FALSE
"31740","Manhattan, KS","20",1,FALSE
"31820","Manitowoc, WI","55",1,FALSE
"31860","Mankato, MN","27",1,FALSE
"31900","Mansfield, OH","39",1,FALSE
"31930","Marietta, OH","39",1,FALSE
"31940","Marinette, WI-MI","26;55",2,TRUE
"31980","Marion, IN","18",1,FALSE
"32000","Marion, NC","37",1,FALSE
"32020","Marion, OH","39",1,FALSE
"32060","Marion-Herrin, IL","17",1,FALSE
"32100","Marquette, MI","26",1,FALSE
"32140","Marshall, MN","27",1,FALSE
"32180","Marshall, MO","29",1,FALSE
"32260","Marshalltown, IA","19",1,FALSE
"32280","Martin, TN","47",1,FALSE
"32300","Martinsville, VA","51",1,FALSE
"32340","Maryville, MO","29",1,FALSE
"32380","Mason City, IA","19",1,FALSE
"32390","Massena-Ogdensburg, NY","36",1,FALSE
"32420","Mayag<U+00FC>ez, PR","72",1,FALSE
"32460","Mayfield, KY","21",1,FALSE
"32540","McAlester, OK","40",1,FALSE
"32580","McAllen-Edinburg-Mission, TX","48",1,FALSE
"32620","McComb, MS","28",1,FALSE
"32660","McMinnville, TN","47",1,FALSE
"32700","McPherson, KS","20",1,FALSE
"32740","Meadville, PA","42",1,FALSE
"32780","Medford, OR","41",1,FALSE
"32820","Memphis, TN-MS-AR","05;28;47",3,TRUE
"32860","Menomonie, WI","55",1,FALSE
"32900","Merced, CA","06",1,FALSE
"32940","Meridian, MS","28",1,FALSE
"33020","Mexico, MO","29",1,FALSE
"33060","Miami, OK","40",1,FALSE
"33100","Miami-Fort Lauderdale-West Palm Beach, FL","12",1,FALSE
"33140","Michigan City-La Porte, IN","18",1,FALSE
"33180","Middlesborough, KY","21",1,FALSE
"33220","Midland, MI","26",1,FALSE
"33260","Midland, TX","48",1,FALSE
"33300","Milledgeville, GA","13",1,FALSE
"33340","Milwaukee-Waukesha, WI","55",1,FALSE
"33380","Minden, LA","22",1,FALSE
"33420","Mineral Wells, TX","48",1,FALSE
"33460","Minneapolis-St. Paul-Bloomington, MN-WI","27;55",2,TRUE
"33500","Minot, ND","38",1,FALSE
"33540","Missoula, MT","30",1,FALSE
"33580","Mitchell, SD","46",1,FALSE
"33620","Moberly, MO","29",1,FALSE
"33660","Mobile, AL","01",1,FALSE
"33700","Modesto, CA","06",1,FALSE
"33740","Monroe, LA","22",1,FALSE
"33780","Monroe, MI","26",1,FALSE
"33860","Montgomery, AL","01",1,FALSE
"33900","Monticello, IN","18",1,FALSE
"33910","Monticello, NY","36",1,FALSE
"33940","Montrose, CO","08",1,FALSE
"33980","Morehead City, NC","37",1,FALSE
"34020","Morgan City, LA","22",1,FALSE
"34060","Morgantown, WV","54",1,FALSE
"34100","Morristown, TN","47",1,FALSE
"34140","Moscow, ID","16",1,FALSE
"34180","Moses Lake, WA","53",1,FALSE
"34220","Moultrie, GA","13",1,FALSE
"34260","Mountain Home, AR","05",1,FALSE
"34300","Mountain Home, ID","16",1,FALSE
"34340","Mount Airy, NC","37",1,FALSE
"34380","Mount Pleasant, MI","26",1,FALSE
"34420","Mount Pleasant, TX","48",1,FALSE
"34460","Mount Sterling, KY","21",1,FALSE
"34500","Mount Vernon, IL","17",1,FALSE
"34540","Mount Vernon, OH","39",1,FALSE
"34580","Mount Vernon-Anacortes, WA","53",1,FALSE
"34620","Muncie, IN","18",1,FALSE
"34660","Murray, KY","21",1,FALSE
"34680","Murrells Inlet, SC","45",1,FALSE
"34700","Muscatine, IA","19",1,FALSE
"34740","Muskegon-Norton Shores, MI","26",1,FALSE
"34780","Muskogee, OK","40",1,FALSE
"34820","Myrtle Beach-Conway-North Myrtle Beach, SC","45",1,FALSE
"34860","Nacogdoches, TX","48",1,FALSE
"34880","Nantucket, MA","25",1,FALSE
"34900","Napa, CA","06",1,FALSE
"34940","Naples-Marco Island, FL","12",1,FALSE
"34980","Nashville-Davidson--Murfreesboro--Franklin, TN","47",1,FALSE
"35020","Natchez, MS-LA","22;28",2,TRUE
"35060","Natchitoches, LA","22",1,FALSE
"35100","New Bern, NC","37",1,FALSE
"35140","Newberry, SC","45",1,FALSE
"35220","New Castle, IN","18",1,FALSE
"35300","New Haven, CT","09",1,FALSE
"35340","New Iberia, LA","22",1,FALSE
"35380","New Orleans-Metairie, LA","22",1,FALSE
"35420","New Philadelphia-Dover, OH","39",1,FALSE
"35440","Newport, OR","41",1,FALSE
"35460","Newport, TN","47",1,FALSE
"35580","New Ulm, MN","27",1,FALSE
"35620","New York-Newark-Jersey City, NY-NJ","34;36",2,TRUE
"35660","Niles, MI","26",1,FALSE
"35700","Nogales, AZ","04",1,FALSE
"35740","Norfolk, NE","31",1,FALSE
"35820","North Platte, NE","31",1,FALSE
"35840","North Port-Bradenton-Sarasota, FL","12",1,FALSE
"35900","North Wilkesboro, NC","37",1,FALSE
"35940","Norwalk, OH","39",1,FALSE
"35980","Norwich-New London-Willimantic, CT","09",1,FALSE
"36020","Oak Harbor, WA","53",1,FALSE
"36100","Ocala, FL","12",1,FALSE
"36180","Ocean Pines, MD","24",1,FALSE
"36220","Odessa, TX","48",1,FALSE
"36260","Ogden, UT","49",1,FALSE
"36340","Oil City, PA","42",1,FALSE
"36380","Okeechobee, FL","12",1,FALSE
"36420","Oklahoma City, OK","40",1,FALSE
"36460","Olean, NY","36",1,FALSE
"36500","Olympia-Lacey-Tumwater, WA","53",1,FALSE
"36540","Omaha, NE-IA","19;31",2,TRUE
"36580","Oneonta, NY","36",1,FALSE
"36620","Ontario, OR-ID","16;41",2,TRUE
"36660","Opelousas, LA","22",1,FALSE
"36700","Orangeburg, SC","45",1,FALSE
"36740","Orlando-Kissimmee-Sanford, FL","12",1,FALSE
"36780","Oshkosh-Neenah, WI","55",1,FALSE
"36820","Oskaloosa, IA","19",1,FALSE
"36830","Othello, WA","53",1,FALSE
"36837","Ottawa, IL","17",1,FALSE
"36840","Ottawa, KS","20",1,FALSE
"36900","Ottumwa, IA","19",1,FALSE
"36940","Owatonna, MN","27",1,FALSE
"36980","Owensboro, KY","21",1,FALSE
"37020","Owosso, MI","26",1,FALSE
"37060","Oxford, MS","28",1,FALSE
"37100","Oxnard-Thousand Oaks-Ventura, CA","06",1,FALSE
"37120","Ozark, AL","01",1,FALSE
"37140","Paducah, KY-IL","17;21",2,TRUE
"37220","Pahrump, NV","32",1,FALSE
"37260","Palatka, FL","12",1,FALSE
"37300","Palestine, TX","48",1,FALSE
"37340","Palm Bay-Melbourne-Titusville, FL","12",1,FALSE
"37420","Pampa, TX","48",1,FALSE
"37460","Panama City-Panama City Beach, FL","12",1,FALSE
"37500","Paragould, AR","05",1,FALSE
"37540","Paris, TN","47",1,FALSE
"37580","Paris, TX","48",1,FALSE
"37620","Parkersburg-Vienna, WV","54",1,FALSE
"37740","Payson, AZ","04",1,FALSE
"37800","Pella, IA","19",1,FALSE
"37860","Pensacola-Ferry Pass-Brent, FL","12",1,FALSE
"37900","Peoria, IL","17",1,FALSE
"37940","Peru, IN","18",1,FALSE
"37950","Petoskey, MI","26",1,FALSE
"37980","Philadelphia-Camden-Wilmington, PA-NJ-DE-MD","10;24;34;42",4,TRUE
"38060","Phoenix-Mesa-Chandler, AZ","04",1,FALSE
"38100","Picayune, MS","28",1,FALSE
"38180","Pierre, SD","46",1,FALSE
"38210","Pikeville, KY","21",1,FALSE
"38220","Pine Bluff, AR","05",1,FALSE
"38240","Pinehurst-Southern Pines, NC","37",1,FALSE
"38260","Pittsburg, KS","20",1,FALSE
"38300","Pittsburgh, PA","42",1,FALSE
"38340","Pittsfield, MA","25",1,FALSE
"38380","Plainview, TX","48",1,FALSE
"38420","Platteville, WI","55",1,FALSE
"38460","Plattsburgh, NY","36",1,FALSE
"38500","Plymouth, IN","18",1,FALSE
"38540","Pocatello, ID","16",1,FALSE
"38620","Ponca City, OK","40",1,FALSE
"38660","Ponce, PR","72",1,FALSE
"38700","Pontiac, IL","17",1,FALSE
"38740","Poplar Bluff, MO","29",1,FALSE
"38820","Port Angeles, WA","53",1,FALSE
"38860","Portland-South Portland, ME","23",1,FALSE
"38900","Portland-Vancouver-Hillsboro, OR-WA","41;53",2,TRUE
"38920","Port Lavaca, TX","48",1,FALSE
"38940","Port St. Lucie, FL","12",1,FALSE
"39020","Portsmouth, OH","39",1,FALSE
"39040","Port Townsend, WA","53",1,FALSE
"39060","Pottsville, PA","42",1,FALSE
"39150","Prescott Valley-Prescott, AZ","04",1,FALSE
"39220","Price, UT","49",1,FALSE
"39300","Providence-Warwick, RI-MA","25;44",2,TRUE
"39340","Provo-Orem-Lehi, UT","49",1,FALSE
"39380","Pueblo, CO","08",1,FALSE
"39420","Pullman, WA","53",1,FALSE
"39460","Punta Gorda, FL","12",1,FALSE
"39480","Putnam, CT","09",1,FALSE
"39500","Quincy, IL-MO","17;29",2,TRUE
"39540","Racine-Mount Pleasant, WI","55",1,FALSE
"39580","Raleigh-Cary, NC","37",1,FALSE
"39660","Rapid City, SD","46",1,FALSE
"39700","Raymondville, TX","48",1,FALSE
"39740","Reading, PA","42",1,FALSE
"39780","Red Bluff, CA","06",1,FALSE
"39820","Redding, CA","06",1,FALSE
"39860","Red Wing, MN","27",1,FALSE
"39900","Reno, NV","32",1,FALSE
"39940","Rexburg, ID","16",1,FALSE
"39960","Rice Lake, WI","55",1,FALSE
"39980","Richmond, IN","18",1,FALSE
"40060","Richmond, VA","51",1,FALSE
"40080","Richmond-Berea, KY","21",1,FALSE
"40090","Rifle, CO","08",1,FALSE
"40100","Rio Grande City-Roma, TX","48",1,FALSE
"40140","Riverside-San Bernardino-Ontario, CA","06",1,FALSE
"40180","Riverton, WY","56",1,FALSE
"40220","Roanoke, VA","51",1,FALSE
"40260","Roanoke Rapids, NC","37",1,FALSE
"40300","Rochelle, IL","17",1,FALSE
"40340","Rochester, MN","27",1,FALSE
"40380","Rochester, NY","36",1,FALSE
"40420","Rockford, IL","17",1,FALSE
"40460","Rockingham, NC","37",1,FALSE
"40540","Rock Springs, WY","56",1,FALSE
"40580","Rocky Mount, NC","37",1,FALSE
"40620","Rolla, MO","29",1,FALSE
"40660","Rome, GA","13",1,FALSE
"40700","Roseburg, OR","41",1,FALSE
"40740","Roswell, NM","35",1,FALSE
"40760","Ruidoso, NM","35",1,FALSE
"40770","Russellville, AL","01",1,FALSE
"40780","Russellville, AR","05",1,FALSE
"40820","Ruston, LA","22",1,FALSE
"40860","Rutland, VT","50",1,FALSE
"40900","Sacramento-Roseville-Folsom, CA","06",1,FALSE
"40940","Safford, AZ","04",1,FALSE
"40980","Saginaw, MI","26",1,FALSE
"41060","St. Cloud, MN","27",1,FALSE
"41100","St. George, UT","49",1,FALSE
"41140","St. Joseph, MO-KS","20;29",2,TRUE
"41180","St. Louis, MO-IL","17;29",2,TRUE
"41260","St. Marys, PA","42",1,FALSE
"41400","Salem, OH","39",1,FALSE
"41420","Salem, OR","41",1,FALSE
"41460","Salina, KS","20",1,FALSE
"41500","Salinas, CA","06",1,FALSE
"41540","Salisbury, MD","24",1,FALSE
"41620","Salt Lake City-Murray, UT","49",1,FALSE
"41660","San Angelo, TX","48",1,FALSE
"41700","San Antonio-New Braunfels, TX","48",1,FALSE
"41740","San Diego-Chula Vista-Carlsbad, CA","06",1,FALSE
"41760","Sandpoint, ID","16",1,FALSE
"41780","Sandusky, OH","39",1,FALSE
"41820","Sanford, NC","37",1,FALSE
"41860","San Francisco-Oakland-Fremont, CA","06",1,FALSE
"41940","San Jose-Sunnyvale-Santa Clara, CA","06",1,FALSE
"41980","San Juan-Bayam<U+00F3>n-Caguas, PR","72",1,FALSE
"42020","San Luis Obispo-Paso Robles, CA","06",1,FALSE
"42100","Santa Cruz-Watsonville, CA","06",1,FALSE
"42140","Santa Fe, NM","35",1,FALSE
"42200","Santa Maria-Santa Barbara, CA","06",1,FALSE
"42220","Santa Rosa-Petaluma, CA","06",1,FALSE
"42300","Sault Ste. Marie, MI","26",1,FALSE
"42340","Savannah, GA","13",1,FALSE
"42380","Sayre, PA","42",1,FALSE
"42420","Scottsbluff, NE","31",1,FALSE
"42460","Scottsboro, AL","01",1,FALSE
"42540","Scranton--Wilkes-Barre, PA","42",1,FALSE
"42580","Seaford, DE","10",1,FALSE
"42620","Searcy, AR","05",1,FALSE
"42660","Seattle-Tacoma-Bellevue, WA","53",1,FALSE
"42680","Sebastian-Vero Beach-West Vero Corridor, FL","12",1,FALSE
"42700","Sebring, FL","12",1,FALSE
"42740","Sedalia, MO","29",1,FALSE
"42780","Selinsgrove, PA","42",1,FALSE
"42820","Selma, AL","01",1,FALSE
"42860","Seneca, SC","45",1,FALSE
"42900","Seneca Falls, NY","36",1,FALSE
"42940","Sevierville, TN","47",1,FALSE
"42980","Seymour, IN","18",1,FALSE
"43020","Shawano, WI","55",1,FALSE
"43060","Shawnee, OK","40",1,FALSE
"43100","Sheboygan, WI","55",1,FALSE
"43140","Shelby-Kings Mountain, NC","37",1,FALSE
"43180","Shelbyville, TN","47",1,FALSE
"43220","Shelton, WA","53",1,FALSE
"43260","Sheridan, WY","56",1,FALSE
"43300","Sherman-Denison, TX","48",1,FALSE
"43320","Show Low, AZ","04",1,FALSE
"43340","Shreveport-Bossier City, LA","22",1,FALSE
"43380","Sidney, OH","39",1,FALSE
"43420","Sierra Vista-Douglas, AZ","04",1,FALSE
"43460","Sikeston, MO","29",1,FALSE
"43500","Silver City, NM","35",1,FALSE
"43580","Sioux City, IA-NE-SD","19;31;46",3,TRUE
"43620","Sioux Falls, SD-MN","27;46",2,TRUE
"43640","Slidell-Mandeville-Covington, LA","22",1,FALSE
"43660","Snyder, TX","48",1,FALSE
"43700","Somerset, KY","21",1,FALSE
"43740","Somerset, PA","42",1,FALSE
"43760","Sonora, CA","06",1,FALSE
"43780","South Bend-Mishawaka, IN-MI","18;26",2,TRUE
"43890","Sparta, WI","55",1,FALSE
"43900","Spartanburg, SC","45",1,FALSE
"43940","Spearfish, SD","46",1,FALSE
"43980","Spencer, IA","19",1,FALSE
"44020","Spirit Lake, IA","19",1,FALSE
"44060","Spokane-Spokane Valley, WA","53",1,FALSE
"44100","Springfield, IL","17",1,FALSE
"44140","Springfield, MA","25",1,FALSE
"44180","Springfield, MO","29",1,FALSE
"44220","Springfield, OH","39",1,FALSE
"44260","Starkville, MS","28",1,FALSE
"44300","State College, PA","42",1,FALSE
"44340","Statesboro, GA","13",1,FALSE
"44420","Staunton-Stuarts Draft, VA","51",1,FALSE
"44460","Steamboat Springs, CO","08",1,FALSE
"44500","Stephenville, TX","48",1,FALSE
"44540","Sterling, CO","08",1,FALSE
"44580","Sterling, IL","17",1,FALSE
"44620","Stevens Point-Plover, WI","55",1,FALSE
"44660","Stillwater, OK","40",1,FALSE
"44700","Stockton-Lodi, CA","06",1,FALSE
"44740","Storm Lake, IA","19",1,FALSE
"44780","Sturgis, MI","26",1,FALSE
"44860","Sulphur Springs, TX","48",1,FALSE
"44900","Summerville, GA","13",1,FALSE
"44940","Sumter, SC","45",1,FALSE
"44980","Sunbury, PA","42",1,FALSE
"45000","Susanville, CA","06",1,FALSE
"45020","Sweetwater, TX","48",1,FALSE
"45060","Syracuse, NY","36",1,FALSE
"45140","Tahlequah, OK","40",1,FALSE
"45180","Talladega-Sylacauga, AL","01",1,FALSE
"45220","Tallahassee, FL","12",1,FALSE
"45300","Tampa-St. Petersburg-Clearwater, FL","12",1,FALSE
"45340","Taos, NM","35",1,FALSE
"45380","Taylorville, IL","17",1,FALSE
"45460","Terre Haute, IN","18",1,FALSE
"45500","Texarkana, TX-AR","05;48",2,TRUE
"45520","The Dalles, OR","41",1,FALSE
"45580","Thomaston, GA","13",1,FALSE
"45620","Thomasville, GA","13",1,FALSE
"45660","Tiffin, OH","39",1,FALSE
"45700","Tifton, GA","13",1,FALSE
"45740","Toccoa, GA","13",1,FALSE
"45780","Toledo, OH","39",1,FALSE
"45820","Topeka, KS","20",1,FALSE
"45860","Torrington, CT","09",1,FALSE
"45880","Town of Pecos, TX","48",1,FALSE
"45900","Traverse City, MI","26",1,FALSE
"45940","Trenton-Princeton, NJ","34",1,FALSE
"45980","Troy, AL","01",1,FALSE
"46020","Truckee-Grass Valley, CA","06",1,FALSE
"46060","Tucson, AZ","04",1,FALSE
"46100","Tullahoma-Manchester, TN","47",1,FALSE
"46140","Tulsa, OK","40",1,FALSE
"46180","Tupelo, MS","28",1,FALSE
"46220","Tuscaloosa, AL","01",1,FALSE
"46300","Twin Falls, ID","16",1,FALSE
"46340","Tyler, TX","48",1,FALSE
"46380","Ukiah, CA","06",1,FALSE
"46460","Union City, TN","47",1,FALSE
"46500","Urbana, OH","39",1,FALSE
"46520","Urban Honolulu, HI","15",1,FALSE
"46540","Utica-Rome, NY","36",1,FALSE
"46580","Utuado, PR","72",1,FALSE
"46620","Uvalde, TX","48",1,FALSE
"46660","Valdosta, GA","13",1,FALSE
"46700","Vallejo, CA","06",1,FALSE
"46780","Van Wert, OH","39",1,FALSE
"46820","Vermillion, SD","46",1,FALSE
"46860","Vernal, UT","49",1,FALSE
"46900","Vernon, TX","48",1,FALSE
"46980","Vicksburg, MS","28",1,FALSE
"47020","Victoria, TX","48",1,FALSE
"47080","Vidalia, GA","13",1,FALSE
"47180","Vincennes, IN","18",1,FALSE
"47220","Vineland, NJ","34",1,FALSE
"47240","Vineyard Haven, MA","25",1,FALSE
"47260","Virginia Beach-Chesapeake-Norfolk, VA-NC","37;51",2,TRUE
"47300","Visalia, CA","06",1,FALSE
"47340","Wabash, IN","18",1,FALSE
"47380","Waco, TX","48",1,FALSE
"47420","Wahpeton, ND-MN","27;38",2,TRUE
"47460","Walla Walla, WA","53",1,FALSE
"47540","Wapakoneta, OH","39",1,FALSE
"47580","Warner Robins, GA","13",1,FALSE
"47620","Warren, PA","42",1,FALSE
"47660","Warrensburg, MO","29",1,FALSE
"47700","Warsaw, IN","18",1,FALSE
"47780","Washington, IN","18",1,FALSE
"47820","Washington, NC","37",1,FALSE
"47900","Washington-Arlington-Alexandria, DC-VA-MD-WV","11;24;51;54",4,TRUE
"47920","Washington Court House, OH","39",1,FALSE
"47930","Waterbury-Shelton, CT","09",1,FALSE
"47940","Waterloo-Cedar Falls, IA","19",1,FALSE
"47980","Watertown, SD","46",1,FALSE
"48020","Watertown-Fort Atkinson, WI","55",1,FALSE
"48060","Watertown-Fort Drum, NY","36",1,FALSE
"48140","Wausau, WI","55",1,FALSE
"48180","Waycross, GA","13",1,FALSE
"48200","Waynesville, NC","37",1,FALSE
"48220","Weatherford, OK","40",1,FALSE
"48260","Weirton-Steubenville, WV-OH","39;54",2,TRUE
"48300","Wenatchee-East Wenatchee, WA","53",1,FALSE
"48460","West Plains, MO","29",1,FALSE
"48540","Wheeling, WV-OH","39;54",2,TRUE
"48580","Whitewater-Elkhorn, WI","55",1,FALSE
"48620","Wichita, KS","20",1,FALSE
"48660","Wichita Falls, TX","48",1,FALSE
"48680","Wildwood-The Villages, FL","12",1,FALSE
"48700","Williamsport, PA","42",1,FALSE
"48780","Williston, ND","38",1,FALSE
"48820","Willmar, MN","27",1,FALSE
"48900","Wilmington, NC","37",1,FALSE
"48940","Wilmington, OH","39",1,FALSE
"48980","Wilson, NC","37",1,FALSE
"49010","Winchester, TN","47",1,FALSE
"49020","Winchester, VA-WV","51;54",2,TRUE
"49080","Winnemucca, NV","32",1,FALSE
"49100","Winona, MN","27",1,FALSE
"49180","Winston-Salem, NC","37",1,FALSE
"49220","Wisconsin Rapids-Marshfield, WI","55",1,FALSE
"49260","Woodward, OK","40",1,FALSE
"49300","Wooster, OH","39",1,FALSE
"49340","Worcester, MA","25",1,FALSE
"49380","Worthington, MN","27",1,FALSE
"49420","Yakima, WA","53",1,FALSE
"49460","Yankton, SD","46",1,FALSE
"49620","York-Hanover, PA","42",1,FALSE
"49660","Youngstown-Warren, OH","39",1,FALSE
"49700","Yuba City, CA","06",1,FALSE
"49740","Yuma, AZ","04",1,FALSE
"49780","Zanesville, OH","39",1,FALSE
"49820","Zapata, TX","48",1,FALSE
