place_geoid,place_name,state_fips,county_fips,n_tracts_matched,match_method,centroid_x_5070,centroid_y_5070,dist_to_county_border_km
3651000,New York,36,36047,2321,centroid_within_place,1832824.0066517983,2181977.326578278,0.3273215867496402
0644000,Los Angeles,06,06037,1111,centroid_within_place,-2030099.457487744,1465439.6633828133,14.653595757159698
1714000,Chicago,17,17031,793,centroid_within_place,684637.1353930542,2126113.849562993,5.49263682288399
4835000,Houston,48,48201,655,centroid_within_place,55554.59163317313,741776.4995507476,16.51180206071313
0455000,Phoenix,04,04013,373,centroid_within_place,-1477514.249688407,1287635.813755769,26.308224881004158
4260000,Philadelphia,42,42101,407,centroid_within_place,1751060.5978630465,2080353.5555174209,4.575947378844813
4865000,San Antonio,48,48029,294,centroid_within_place,-245839.17276016917,714964.9517183243,23.951377442683153
0666000,San Diego,06,06073,322,centroid_within_place,-1951497.2751578805,1297882.5502070792,11.378392402034615
4819000,Dallas,48,48113,353,centroid_within_place,-72302.32792785576,1082716.00537975,19.371284073279277
0668000,San Jose,06,06085,201,centroid_within_place,-2243372.702670914,1892914.2294960076,16.679801388332695
4805000,Austin,48,48453,217,centroid_within_place,-168091.9222346066,804862.1351679073,13.994934539102655
1235000,Jacksonville,12,12031,206,centroid_within_place,1374692.3721017104,906678.6813312903,12.921159375036787
4827000,Fort Worth,48,48439,186,centroid_within_place,-123882.405213436,1078447.5876953495,20.319174973988385
3918000,Columbus,39,39049,212,centroid_within_place,1097669.9703264046,1962722.3881995971,14.692822341578035
1836003,Indianapolis city (balance),18,18097,231,centroid_within_place,835145.9214548987,1906446.719836925,15.61877303119378
3712000,Charlotte,37,37119,239,centroid_within_place,1364801.831471812,1459102.6489958544,15.258706388752872
0667000,San Francisco,06,06075,242,centroid_within_place,-2277305.3322957824,1954810.6948789568,4.34644390807603
5363000,Seattle,53,53033,177,centroid_within_place,-1967307.8252857877,3011542.0706147463,2.3311745666447696
0820000,Denver,08,08031,178,centroid_within_place,-759077.7440984559,1891964.2690343661,1.7497981261288493
1150000,Washington,11,11001,206,centroid_within_place,1620213.1129929926,1927214.5282759485,4.730707608323925
4752006,Nashville-Davidson metropolitan government (balance),47,47037,165,centroid_within_place,824181.12247057,1494208.8828080012,11.930886830670135
4055000,Oklahoma City,40,40109,214,centroid_within_place,-140593.94279506544,1382263.37729457,9.74058046644309
4824000,El Paso,48,48141,145,centroid_within_place,-978384.8694072744,1023974.4587780152,6.468164132111868
2507000,Boston,25,25025,204,centroid_within_place,2016531.3316921652,2412975.3061004854,2.123472403131368
4159000,Portland,41,41051,164,centroid_within_place,-2053529.5818382355,2793034.6433422533,6.388428507471079
3240000,Las Vegas,32,32003,147,centroid_within_place,-1701992.5439409483,1634658.0993791532,44.80968866586152
2622000,Detroit,26,26163,273,centroid_within_place,1050927.6156512478,2225728.2865526085,6.5023807851569675
4748000,Memphis,47,47157,186,centroid_within_place,547780.1626936089,1357415.7607310798,12.023656910016944
2404000,Baltimore,24,24510,199,centroid_within_place,1644381.2129149253,1978382.2462636477,6.473481123237427
5553000,Milwaukee,55,55079,211,centroid_within_place,650991.6418003734,2256347.196920968,5.12106066940114
3502000,Albuquerque,35,35001,136,centroid_within_place,-957598.4122406339,1393152.3267972984,9.622566090916443
0477000,Tucson,04,04019,137,centroid_within_place,-1392407.2642927824,1123940.2312663924,34.279037002344964
0627000,Fresno,06,06019,114,centroid_within_place,-2080914.5690269908,1788566.096574109,7.583330517636679
0664000,Sacramento,06,06067,128,centroid_within_place,-2172349.7517529577,2018553.8723489253,3.887725807952996
2938000,Kansas City,29,29095,159,centroid_within_place,123970.11972336589,1786644.8550386734,3.156070954259205
0446000,Mesa,04,04013,118,centroid_within_place,-1448647.1776636618,1269098.9785539275,15.796453539280114
1304000,Atlanta,13,13121,173,centroid_within_place,1063960.4261630606,1254201.09061732,4.874806456493507
3137000,Omaha,31,31055,136,centroid_within_place,-4088.4963126719945,2027626.9734329092,7.2824307228676615
0816000,Colorado Springs,08,08041,111,centroid_within_place,-752928.4998404118,1795970.6801481424,16.990982362998412
3755000,Raleigh,37,37183,91,centroid_within_place,1545722.660707592,1561360.3511604073,14.45965941861357
0643000,Long Beach,06,06037,113,centroid_within_place,-2019187.7467422402,1430008.2890650597,4.854114599385249
5182000,Virginia Beach,51,51810,111,centroid_within_place,1745776.498714825,1714144.6597419947,7.728114737725799
1245000,Miami,12,12086,130,centroid_within_place,1590674.4789284163,436062.55659710953,4.121460698020872
0653000,Oakland,06,06001,116,centroid_within_place,-2258340.5940027586,1953292.0865432154,4.414786815554325
2743000,Minneapolis,27,27053,121,centroid_within_place,215234.54183713192,2444622.662788665,4.729089696927697
4075000,Tulsa,40,40143,136,centroid_within_place,7482.270166928223,1451161.6235479056,9.456836893627864
0603526,Bakersfield,06,06029,95,centroid_within_place,-2056464.8649778273,1615804.30091186,48.70014668112395
2079000,Wichita,20,20173,106,centroid_within_place,-116806.66409574471,1628491.434091007,16.090375344864036
4804000,Arlington,48,48439,86,centroid_within_place,-104301.19457746074,1069985.8893470357,7.697122792275607
2148006,Louisville/Jefferson County metro government (balance),21,21111,91,centroid_within_place,894649.1897250613,1730900.5956379594,9.968616618946937
0804000,Aurora,08,08005,82,centroid_within_place,-747089.005961187,1886363.1390038077,4.905804287193323
1271000,Tampa,12,12057,99,centroid_within_place,1332917.196910332,641829.6823730455,5.5522356701607904
2255000,New Orleans,22,22071,184,centroid_within_place,573041.797682404,784676.2838549967,3.4819600179265064
3916000,Cleveland,39,39035,158,centroid_within_place,1182705.0682554622,2141855.572798458,3.711572169702865
1571550,Urban Honolulu,15,15003,132,centroid_within_place,-6125575.28869605,1883977.5492615039,3.089789850089966
0602000,Anaheim,06,06059,60,centroid_within_place,-1995656.7420591814,1427263.805607732,9.866839447413957
7276770,San Juan,72,72127,126,centroid_within_place,3230321.7828311995,18350.82806579802,3.783471809298346
2146027,Lexington-Fayette,21,21067,82,centroid_within_place,998077.607096456,1725568.8265576353,7.325098430651685
0675000,Stockton,06,06077,69,centroid_within_place,-2175973.829456734,1952654.46344747,21.85026893330409
4817000,Corpus Christi,48,48355,81,centroid_within_place,-138325.0778687498,518049.9182744944,3.7038314833382073
3231900,Henderson,32,32003,72,centroid_within_place,-1689522.0811403203,1610907.344257931,26.76599031765641
0662000,Riverside,06,06065,69,centroid_within_place,-1947924.472007572,1428586.0410645227,9.382911567084173
3451000,Newark,34,34013,88,centroid_within_place,1810835.8639027253,2178497.258463868,1.916894958638202
2758000,St. Paul,27,27123,85,centroid_within_place,227807.10837214277,2444110.3418974923,3.5967835545920988
0669000,Santa Ana,06,06059,52,centroid_within_place,-1995814.3606751843,1416552.9790018313,13.695496417592818
3915000,Cincinnati,39,39061,105,centroid_within_place,981567.3072908139,1850515.320964726,3.943616534872821
0636770,Irvine,06,06059,48,centroid_within_place,-1987992.7074415984,1408357.1337326712,13.017087059034095
1253000,Orlando,12,12095,61,centroid_within_place,1429947.7182903034,714896.8877940634,11.534496948060516
4261000,Pittsburgh,42,42003,129,centroid_within_place,1341745.0673691125,2049833.3866111208,17.944801738440805
2965000,St. Louis,29,29510,103,centroid_within_place,495366.0038200245,1747304.7000506197,4.841751480438963
3728000,Greensboro,37,37081,69,centroid_within_place,1436162.6085066386,1571075.7254709378,18.156287013371916
3436000,Jersey City,34,34017,77,centroid_within_place,1821281.8361423586,2179108.2141629597,2.8140418747522427
0203000,Anchorage,02,02020,61,centroid_within_place,-3086203.2476434973,5069410.795535647,8.6003192883932
3128000,Lincoln,31,31109,65,centroid_within_place,-56393.62281543254,1977471.9474643737,17.59115548891751
4858016,Plano,48,48085,72,centroid_within_place,-69264.00713201484,1109618.2335874238,7.595948187238324
3719000,Durham,37,37063,53,centroid_within_place,1519056.5711236505,1572191.1399326932,7.620622650381533
3611000,Buffalo,36,36029,91,centroid_within_place,1385026.741430614,2338161.9452245296,4.5833000979018435
0412000,Chandler,04,04013,57,centroid_within_place,-1460006.579915918,1257761.000570545,9.656554276875248
0613392,Chula Vista,06,06073,51,centroid_within_place,-1946073.327831987,1277590.4713380076,9.113120032510587
3977000,Toledo,39,39095,115,centroid_within_place,1023052.8756143058,2140083.1839450835,5.334305358915032
5548000,Madison,55,55025,64,centroid_within_place,533943.5695814685,2249568.396729466,23.31665976373617
0427400,Gilbert,04,04013,57,centroid_within_place,-1449766.9839883612,1258540.5117387315,12.02280904000027
3260600,Reno,32,32031,72,centroid_within_place,-2007834.2344417535,2086115.5976320994,10.407730189935545
1825000,Fort Wayne,18,18003,63,centroid_within_place,904256.8994568915,2060832.7963178952,17.598619191487895
3251800,North Las Vegas,32,32003,59,centroid_within_place,-1693850.6663940265,1637638.1454597053,39.60260867274931
1263000,St. Petersburg,12,12103,77,centroid_within_place,1315331.2721526846,616916.6203810597,3.926415567101559
4845000,Lubbock,48,48303,85,centroid_within_place,-543615.5752941687,1181606.6936620409,16.71421106384821
4837000,Irving,48,48113,72,centroid_within_place,-89928.82531152426,1087569.2036050598,6.2280973424729025
4841464,Laredo,48,48479,60,centroid_within_place,-345502.5797314003,502028.80283392075,3.277708865724846
3775000,Winston-Salem,37,37067,59,centroid_within_place,1397694.0862918172,1565378.753893571,8.862808971846976
5116000,Chesapeake,51,51550,61,centroid_within_place,1731441.9524793176,1703147.4014134412,5.345073997191641
0465000,Scottsdale,04,04013,57,centroid_within_place,-1458001.0084318996,1290216.361566579,31.215308983754753
5103000,Arlington,51,51013,71,centroid_within_place,1613788.6169308675,1921885.027901356,3.000355126520461
5157000,Norfolk,51,51710,80,centroid_within_place,1730222.8027482433,1719371.4609918809,2.5226798310538094
1608830,Boise City,16,16001,63,centroid_within_place,-1615243.6158454404,2464103.2357888333,13.341813442106348
0626000,Fremont,06,06001,47,centroid_within_place,-2245614.250886966,1920662.4446584703,8.53575444919751
5367000,Spokane,53,53063,58,centroid_within_place,-1605462.1517351766,2924117.315346873,16.022244556415007
2205000,Baton Rouge,22,22033,55,centroid_within_place,467294.8779800522,830973.1513076155,6.985007181317176
5167000,Richmond,51,51760,75,centroid_within_place,1611997.5395061837,1768473.7777788711,4.4379264007023735
0665000,San Bernardino,06,06071,48,centroid_within_place,-1932861.115498903,1447425.4803280507,12.88042604627749
5370000,Tacoma,53,53053,52,centroid_within_place,-1988321.5432421002,2972566.4395228517,2.9938906798169187
0648354,Modesto,06,06099,42,centroid_within_place,-2158324.5720550283,1910279.9679960818,9.092054257942438
0137000,Huntsville,01,01089,55,centroid_within_place,851945.5616316486,1336012.016059029,13.82192606142277
1921000,Des Moines,19,19153,57,centroid_within_place,196557.19836327145,2067569.329037855,8.7986035919078
3663000,Rochester,36,36055,82,centroid_within_place,1478319.1625892627,2384464.3087325394,9.118323133229906
3722920,Fayetteville,37,37051,51,centroid_within_place,1532291.7543237647,1472193.1814420798,10.988528177412684
1319000,Columbus,13,13215,59,centroid_within_place,1032725.8558607935,1107603.5903562268,6.6984913872991845
2582000,Worcester,25,25027,46,centroid_within_place,1961441.0700693426,2391810.267547736,17.38186494959284
1258715,Port St. Lucie,12,12111,36,centroid_within_place,1549701.9690714632,596238.8436675901,7.910431936292027
0541000,Little Rock,05,05119,52,centroid_within_place,329667.46479730617,1303227.0108266424,9.550333208007949
1304204,Augusta-Richmond County consolidated government (balance),13,13245,55,centroid_within_place,1283747.3993616495,1245519.8418121997,8.514346037907174
0654652,Oxnard,06,06111,39,centroid_within_place,-2099271.1020669583,1494047.4085196082,5.531478543250322
0107000,Birmingham,01,01073,70,centroid_within_place,847122.2592567098,1202540.5401435685,12.597259675347203
0151000,Montgomery,01,01101,57,centroid_within_place,911513.0538800586,1077879.9024837366,8.86380330838934
4803000,Amarillo,48,48375,53,centroid_within_place,-528734.5619596896,1364259.1342294575,0.7004760655851964
4967000,Salt Lake City,49,49035,56,centroid_within_place,-1324322.8664569147,2082702.055807401,7.151681184861771
2634000,Grand Rapids,26,26081,51,centroid_within_place,837677.5050106328,2263594.914268025,10.437154358188042
2053775,Overland Park,20,20091,50,centroid_within_place,112760.96861359233,1765645.1266511471,6.818230298753969
0630000,Glendale,06,06037,42,centroid_within_place,-2017635.7867976034,1470668.783704439,28.157937169421874
1270600,Tallahassee,12,12073,49,centroid_within_place,1120379.568204444,889672.7135721614,11.437893356576213
1210275,Cape Coral,12,12071,39,centroid_within_place,1401395.0821594952,500392.96071663796,10.738007753680428
4659020,Sioux Falls,46,46099,41,centroid_within_place,-59766.82873058786,2281644.1799003193,2.8359848830669447
3254600,Paradise,32,32003,54,centroid_within_place,-1695234.5916679862,1620155.129422775,33.224646804345596
4459000,Providence,44,44007,42,centroid_within_place,2004195.143223704,2351697.9129373697,5.301598367762909
5374060,Vancouver,53,53011,49,centroid_within_place,-2045842.285747573,2804100.1024386953,3.374897685786724
4740000,Knoxville,47,47093,52,centroid_within_place,1073671.4581318563,1503852.7394822405,10.632181843932718
3901000,Akron,39,39153,61,centroid_within_place,1202537.2598679229,2099306.2048845277,10.363664966477414
2270000,Shreveport,22,22017,54,centroid_within_place,208462.26398196945,1044238.1018847547,6.648650727356719
0150000,Mobile,01,01097,71,centroid_within_place,751067.0047639594,875001.8525530561,7.592405668585105
4810768,Brownsville,48,48061,45,centroid_within_place,-150810.2957641303,322610.02378708584,4.611770905626101
5156000,Newport News,51,51700,47,centroid_within_place,1705338.9250651267,1736440.1197091213,2.9355228281071275
1224000,Fort Lauderdale,12,12011,49,centroid_within_place,1591906.0265854683,476088.05280216417,4.235821783637459
4714000,Chattanooga,47,47065,47,centroid_within_place,970245.3746056885,1388433.0034201536,8.344718898726912
0473000,Tempe,04,04013,41,centroid_within_place,-1465057.3448929777,1270173.335904337,20.96030352257705
0670098,Santa Rosa,06,06097,34,centroid_within_place,-2279215.8077499033,2035238.7662331862,15.127847097955536
4123850,Eugene,41,41039,36,centroid_within_place,-2135513.934595357,2646923.6520127463,16.368280284346035
4164900,Salem,41,41047,28,centroid_within_place,-2101837.3219023007,2738136.574165595,2.7345122473406533
0653896,Ontario,06,06071,35,centroid_within_place,-1964849.0752224703,1445302.0049705883,6.768243105068181
3710740,Cary,37,37183,32,centroid_within_place,1530057.7138325314,1554530.2924701625,7.946907623792278
0827425,Fort Collins,08,08069,37,centroid_within_place,-761156.4975462478,1985141.8067062513,11.252201607272054
2970000,Springfield,29,29077,46,centroid_within_place,238454.90717349868,1575580.3996990826,10.863914656059004
4715160,Clarksville,47,47125,33,centroid_within_place,765009.4480165615,1538468.413060745,6.910240043588418
7206593,Bayam<U+00F3>n,72,72021,56,centroid_within_place,3219490.82381862,12135.213335604203,3.2809998419935327
0664224,Salinas,06,06053,31,centroid_within_place,-2242025.5621321485,1820306.2565990791,13.654388825779673
5101000,Alexandria,51,51510,48,centroid_within_place,1615738.7688934407,1916010.084688659,0.8688936806724181
1349008,Macon-Bibb County,13,13021,48,centroid_within_place,1142240.2198878801,1158874.9997903549,6.727713181845712
0616350,Corona,06,06065,33,centroid_within_place,-1964228.06741671,1424151.3673208838,7.355023235373695
2036000,Kansas City,20,20209,61,centroid_within_place,111280.44907206038,1787937.0818235863,6.471980140449065
2567000,Springfield,25,25013,37,centroid_within_place,1906510.2112294638,2359901.87261815,8.898269636415948
0677000,Sunnyvale,06,06085,35,centroid_within_place,-2254630.306174118,1902833.492766246,9.085753757480136
2836000,Jackson,28,28049,51,centroid_within_place,542438.9606053655,1043983.9862589777,4.1941767820347895
4839148,Killeen,48,48027,30,centroid_within_place,-164538.05679954521,892095.4560093393,6.617235076760192
4751560,Murfreesboro,47,47149,24,centroid_within_place,857002.140222944,1465114.1692096845,16.969391639781886
4856000,Pasadena,48,48201,32,centroid_within_place,79770.42792449232,733329.2076152556,12.067307815544343
5305210,Bellevue,53,53033,33,centroid_within_place,-1955247.6893841873,3004860.5595307644,13.982427465533258
4513330,Charleston,45,45019,35,centroid_within_place,1484303.6616942682,1205154.233424409,5.596883347901235
1751622,Naperville,17,17043,27,centroid_within_place,646025.1200111834,2109509.0458384305,2.6317205452916403
1765000,Rockford,17,17201,47,centroid_within_place,568260.4019137629,2162306.832424785,9.68290221276389
0908000,Bridgeport,09,09001,38,centroid_within_place,1879481.7095350472,2247008.9798339345,3.1868911642449333
3673000,Syracuse,36,36067,55,centroid_within_place,1597643.1614245288,2395141.836722678,14.417657296780963
1369000,Savannah,13,13051,47,centroid_within_place,1391717.4728723785,1105077.5127386425,8.124832214120525
0662938,Roseville,06,06061,28,centroid_within_place,-2152449.5298230927,2036661.717577537,4.593320161472059
0680000,Torrance,06,06037,34,centroid_within_place,-2034259.1370310732,1436855.1895908585,4.2503525064077765
2250115,Metairie,22,22051,40,centroid_within_place,560763.7844655396,786485.043486653,5.312101178227476
4845384,McAllen,48,48215,52,centroid_within_place,-225868.2819217219,355952.81418078416,11.919673851608053
0682954,Visalia,06,06107,25,centroid_within_place,-2053038.770545299,1728875.4048926209,14.346664164120359
1225175,Gainesville,12,12001,28,centroid_within_place,1316082.2533375858,825881.7997081694,19.006049516107677
0653980,Orange,06,06059,23,centroid_within_place,-1990356.8742583117,1422631.338407457,15.80323509701138
4819972,Denton,48,48121,30,centroid_within_place,-103904.52153754504,1127123.5609946193,23.92172821020088
2684000,Warren,26,26099,44,centroid_within_place,1056592.0061792547,2238282.15344569,4.918903495200596
0656000,Pasadena,06,06037,34,centroid_within_place,-2007207.2181372829,1467030.4179641737,27.357393582447035
4876000,Waco,48,48309,30,centroid_within_place,-109861.95482966924,942103.8886293794,20.06699791393716
1912000,Cedar Rapids,19,19113,30,centroid_within_place,355848.65294108057,2116972.717635563,13.162973959312495
3921000,Dayton,39,39113,51,centroid_within_place,1000074.5838856247,1922800.4037182142,7.674206231984519
4516000,Columbia,45,45079,35,centroid_within_place,1369557.24957282,1324364.3645920279,4.888906319118467
5335415,Kent,53,53033,27,centroid_within_place,-1965584.8215250757,2983159.3480321877,8.94928506588443
0973000,Stamford,09,09001,33,centroid_within_place,1854890.4813413874,2227107.6677898723,3.928564551311393
0952000,New Haven,09,09009,32,centroid_within_place,1898255.8492088309,2265613.132471587,2.0154071503163915
4848072,Midland,48,48329,26,centroid_within_place,-574547.7848601885,1011376.1228367168,8.573328143093951
0669084,Santa Clara,06,06085,25,centroid_within_place,-2250120.027585637,1900147.961099402,11.403143081314715
1303440,Athens-Clarke County unified government (balance),13,13059,33,centroid_within_place,1154162.3494319387,1285993.5116284883,4.214886256778635
0678582,Thousand Oaks,06,06111,27,centroid_within_place,-2072654.7065916127,1487150.0535224352,7.136502503501269
2071000,Topeka,20,20177,32,centroid_within_place,25922.935058391675,1778785.4839515616,9.306592156439306
2915670,Columbia,29,29019,25,centroid_within_place,314306.724779097,1774948.8178048318,12.674082380427866
0681666,Vallejo,06,06095,27,centroid_within_place,-2249263.925706709,1987924.9894109142,4.693239083388201
3825700,Fargo,38,38017,29,centroid_within_place,-63034.00830807299,2652008.519284502,2.889897357722277
4202000,Allentown,42,42077,29,centroid_within_place,1708748.460677444,2139430.7966956752,6.232017367493972
4801000,Abilene,48,48441,35,centroid_within_place,-350995.450054535,1047997.0041284781,8.761106802622448
0606000,Berkeley,06,06001,34,centroid_within_place,-2260046.609147574,1962632.2726312415,2.6710163248181695
2603000,Ann Arbor,26,26161,34,centroid_within_place,1002457.0488899103,2206584.9333187835,15.394304441774787
2754880,Rochester,27,27109,23,centroid_within_place,281479.17774875904,2342983.207078327,15.144603296488592
2240735,Lafayette,22,22055,30,centroid_within_place,380841.2517246912,800325.9276273977,5.572864295840916
0937000,Hartford,09,09003,41,centroid_within_place,1904870.3597542956,2319155.37583001,14.448281087071376
4815976,College Station,48,48041,27,centroid_within_place,-29802.066957922892,835639.6722117881,7.566730211312655
1254000,Palm Bay,12,12009,22,centroid_within_place,1508034.1202853706,669443.5769851515,12.263605450216426
4861796,Richardson,48,48113,32,centroid_within_place,-66414.53022797531,1100363.2197441307,1.5881809119532821
4863500,Round Rock,48,48491,26,centroid_within_place,-158727.59899856948,828539.0286980693,4.353844844889682
2511000,Cambridge,25,25017,34,centroid_within_place,2013263.2611946487,2417916.4573506643,0.8335652159896413
1276600,West Palm Beach,12,12099,31,centroid_within_place,1586888.9382476325,540811.2751727958,5.203883792743239
1822000,Evansville,18,18163,44,centroid_within_place,735253.1799836064,1693483.7658445342,3.61817480690056
1212875,Clearwater,12,12103,30,centroid_within_place,1303133.9201449195,636339.1960385985,4.0093880785564835
3006550,Billings,30,30111,21,centroid_within_place,-973292.3768684894,2597728.2174374238,24.97719541757436
3345140,Manchester,33,33011,30,centroid_within_place,1968747.8986816683,2477135.777315594,3.4547998333881025
3774440,Wilmington,37,37129,30,centroid_within_place,1645832.366733931,1396013.0697606448,6.134941843666982
4807000,Beaumont,48,48245,33,centroid_within_place,178566.73114174767,781076.9382883532,4.920100595565167
4962470,Provo,49,49049,30,centroid_within_place,-1314848.280809385,2023295.1386396773,15.754282726347972
4550875,North Charleston,45,45019,28,centroid_within_place,1475333.80296429,1217402.7089661988,2.6488689573812634
1723074,Elgin,17,17089,19,centroid_within_place,632846.0122837079,2140501.9213234987,2.602056262000437
0611194,Carlsbad,06,06073,22,centroid_within_place,-1957162.4248077509,1337178.6694426495,3.845063907079716
4872656,The Woodlands,48,48339,20,centroid_within_place,46841.56073532286,789122.8313920607,1.8924115507985084
4853388,Odessa,48,48135,20,centroid_within_place,-598287.955249063,997483.1158509005,6.501309958926137
0980000,Waterbury,09,09009,28,centroid_within_place,1882890.0163132662,2289926.4681584314,4.1158623044841125
1772000,Springfield,17,17167,31,centroid_within_place,537435.4061319348,1880889.3539327,15.049193844138783
3731400,High Point,37,37081,25,centroid_within_place,1423916.7250243477,1556595.0206740547,4.832937938807305
1759000,Peoria,17,17143,30,centroid_within_place,534717.2901403727,1987245.5047041904,5.038804862928607
2646000,Lansing,26,26065,37,centroid_within_place,929669.4852020235,2246825.3175695394,3.91627619625218
1238250,Lakeland,12,12105,30,centroid_within_place,1379718.0701675122,654448.3321946003,8.945030011123587
1258050,Pompano Beach,12,12011,28,centroid_within_place,1591882.3239951548,487667.15807121195,3.8694433285675047
0616532,Costa Mesa,06,06059,24,centroid_within_place,-2000262.4562872439,1408772.2846271356,5.181768681296873
0862000,Pueblo,08,08101,36,centroid_within_place,-746353.5393592061,1726391.2651718182,27.47635746687028
3539380,Las Cruces,35,35013,23,centroid_within_place,-1005636.3052056114,1085731.4463547764,35.943511033564896
4870808,Sugar Land,48,48157,22,centroid_within_place,35570.091784014534,725260.3844253499,7.389456251674566
0665042,San Buenaventura (Ventura),06,06111,21,centroid_within_place,-2101736.669549057,1504071.0185830821,4.163000031296009
5322640,Everett,53,53061,25,centroid_within_place,-1949656.0885067899,3042554.776044405,2.7978192472490107
0678120,Temecula,06,06065,19,centroid_within_place,-1932465.1865282354,1374390.4972411138,7.398651227843034
2621000,Dearborn,26,26163,30,centroid_within_place,1044089.6633605914,2216844.192250313,9.820586001987994
0669196,Santa Maria,06,06083,19,centroid_within_place,-2189426.665068117,1604083.5561027597,3.82115867942961
0832155,Greeley,08,08123,27,centroid_within_place,-733772.1954442012,1966897.2583522506,17.749770084941087
0812815,Centennial,08,08005,25,centroid_within_place,-755247.6550044006,1876778.7242325197,3.0938666059184414
0807850,Boulder,08,08013,22,centroid_within_place,-782237.653156616,1926938.7004206115,11.439288936380434
1368516,Sandy Springs,13,13121,35,centroid_within_place,1064908.1865711326,1273337.1476219145,1.7067845034801123
7263820,Ponce,72,72113,35,centroid_within_place,3184249.2527883667,-40646.04103941961,3.060469853123418
5531000,Green Bay,55,55009,27,centroid_within_place,633224.3648940101,2418107.033406799,2.876008625478335
0608954,Burbank,06,06037,26,centroid_within_place,-2023522.3365214758,1473891.394073534,24.523352498360204
5357745,Renton,53,53033,23,centroid_within_place,-1961359.7787783395,2992470.920070753,13.154072117044288
4134100,Hillsboro,41,41067,21,centroid_within_place,-2076355.6227891375,2800197.3286161902,9.09035508942639
4874144,Tyler,48,48423,26,centroid_within_place,65182.78015425723,1027332.2271852124,13.539955453702923
0668252,San Mateo,06,06081,25,centroid_within_place,-2273055.0911045778,1929692.4027427854,2.2827927392332437
3714100,Concord,37,37025,20,centroid_within_place,1375867.239009807,1483036.4616419636,7.068919747620111
2419125,Columbia,24,24027,20,centroid_within_place,1626828.2481621485,1962107.0865164595,8.433476477697893
1871000,South Bend,18,18141,38,centroid_within_place,804027.3287336075,2115225.3597367145,10.111929305435494
5367167,Spokane Valley,53,53063,20,centroid_within_place,-1593119.0287613596,2919590.5629612063,14.935305102550718
4879000,Wichita Falls,48,48485,29,centroid_within_place,-232191.87725467086,1206647.7056807694,6.955055569812226
1919000,Davenport,19,19163,31,centroid_within_place,447756.5679965963,2073426.0596179431,4.042037888000279
0613014,Chico,06,06007,15,centroid_within_place,-2166873.9503184175,2155382.1883322997,9.793177324593595
4822660,Edinburg,48,48215,16,centroid_within_place,-217669.61949676255,363994.34705621353,22.22182988333947
5168000,Roanoke,51,51770,25,centroid_within_place,1402096.0552349584,1700555.947768184,3.7498474730381415
